<?xml version="1.0" encoding="UTF-8"?>
<project-private xmlns="http://www.netbeans.org/ns/project-private/1">
    <editor-bookmarks xmlns="http://www.netbeans.org/ns/editor-bookmarks/2" lastBookmarkId="0"/>
    <open-files xmlns="http://www.netbeans.org/ns/projectui-open-files/2">
        <group>
            <file>file:/C:/Users/haihq/OneDrive/Documents/NetBeansProjects/SuShiNew/src/java/haihq/DTO/InfoDTO.java</file>
            <file>file:/C:/Users/haihq/OneDrive/Documents/NetBeansProjects/SuShiNew/web/menuPage.jsp</file>
            <file>file:/C:/Users/haihq/OneDrive/Documents/NetBeansProjects/SuShiNew/web/findUs.jsp</file>
            <file>file:/C:/Users/haihq/OneDrive/Documents/NetBeansProjects/SuShiNew/src/java/haihq/DAO/MenuDAO.java</file>
            <file>file:/C:/Users/haihq/OneDrive/Documents/NetBeansProjects/SuShiNew/src/java/haihq/DAO/InfoDAO.java</file>
            <file>file:/C:/Users/haihq/OneDrive/Documents/NetBeansProjects/SuShiNew/web/homePage.jsp</file>
            <file>file:/C:/Users/haihq/OneDrive/Documents/NetBeansProjects/SuShiNew/src/java/haihq/DTO/ProductDTO.java</file>
            <file>file:/C:/Users/haihq/OneDrive/Documents/NetBeansProjects/SuShiNew/src/java/haihq/Servlet/MainServlet.java</file>
        </group>
    </open-files>
</project-private>
